Soundfile,Left time (sec),Right time (sec),Species,
ICLISTENHF1251_20140904T115409.198Z.wav,37.87072,39.84791,"HB	",
,,,,
"ICLISTENHF1251_20140104T152150.110Z-HPF	41.84411",42.14829,,,
"ICLISTENHF1251_20140104T152150.110Z-HPF	54.93122",55.52058,,,
"ICLISTENHF1251_20140104T152150.110Z-HPF	284.0304",285.076,"ed	co","uld be right whale dolphin	",